timeStamp,elapsed,label,responseCode,responseMessage,threadName,dataType,success,failureMessage,bytes,sentBytes,grpThreads,allThreads,URL,Latency,IdleTime,Connect
1675152910022,3230,Login Page,200,OK,Scenario 1 1-35,text,true,,3726,120,100,100,https://demoqa.com/login,3217,0,2865
1675152910027,3343,Login Page,200,OK,Scenario 1 1-48,text,true,,3726,120,99,99,https://demoqa.com/login,3343,0,2860
1675152910025,3354,Login Page,200,OK,Scenario 1 1-57,text,true,,3726,120,98,98,https://demoqa.com/login,3354,0,2888
1675152910033,3346,Login Page,200,OK,Scenario 1 1-85,text,true,,3726,120,98,98,https://demoqa.com/login,3346,0,2880
1675152910023,3356,Login Page,200,OK,Scenario 1 1-11,text,true,,3726,120,98,98,https://demoqa.com/login,3356,0,2864
1675152910033,3346,Login Page,200,OK,Scenario 1 1-16,text,true,,3726,120,98,98,https://demoqa.com/login,3346,0,2867
1675152910032,3367,Login Page,200,OK,Scenario 1 1-41,text,true,,3726,120,94,94,https://demoqa.com/login,3367,0,2866
1675152910032,3367,Login Page,200,OK,Scenario 1 1-49,text,true,,3726,120,94,94,https://demoqa.com/login,3367,0,2866
1675152910022,3377,Login Page,200,OK,Scenario 1 1-100,text,true,,3726,120,94,94,https://demoqa.com/login,3377,0,2891
1675152910033,3367,Login Page,200,OK,Scenario 1 1-23,text,true,,3726,120,94,94,https://demoqa.com/login,3367,0,2865
1675152910033,3367,Login Page,200,OK,Scenario 1 1-63,text,true,,3726,120,94,94,https://demoqa.com/login,3367,0,2854
1675152910032,3368,Login Page,200,OK,Scenario 1 1-94,text,true,,3726,120,94,94,https://demoqa.com/login,3368,0,2866
1675152910032,3384,Login Page,200,OK,Scenario 1 1-79,text,true,,3726,120,88,88,https://demoqa.com/login,3384,0,2855
1675152910033,3383,Login Page,200,OK,Scenario 1 1-6,text,true,,3726,120,88,88,https://demoqa.com/login,3383,0,2881
1675152910023,3393,Login Page,200,OK,Scenario 1 1-24,text,true,,3726,120,88,88,https://demoqa.com/login,3393,0,2889
1675152910025,3391,Login Page,200,OK,Scenario 1 1-67,text,true,,3726,120,88,88,https://demoqa.com/login,3391,0,2874
1675152910027,3389,Login Page,200,OK,Scenario 1 1-46,text,true,,3726,120,88,88,https://demoqa.com/login,3389,0,2889
1675152910032,3386,Login Page,200,OK,Scenario 1 1-91,text,true,,3726,120,88,88,https://demoqa.com/login,3385,0,2885
1675152910032,3387,Login Page,200,OK,Scenario 1 1-68,text,true,,3726,120,88,88,https://demoqa.com/login,3387,0,2883
1675152910025,3399,Login Page,200,OK,Scenario 1 1-44,text,true,,3726,120,81,81,https://demoqa.com/login,3399,0,2862
1675152910032,3397,Login Page,200,OK,Scenario 1 1-28,text,true,,3726,120,80,80,https://demoqa.com/login,3397,0,2887
1675152910032,3397,Login Page,200,OK,Scenario 1 1-77,text,true,,3726,120,80,80,https://demoqa.com/login,3397,0,2884
1675152910027,3402,Login Page,200,OK,Scenario 1 1-96,text,true,,3726,120,80,80,https://demoqa.com/login,3402,0,2892
1675152910027,3402,Login Page,200,OK,Scenario 1 1-60,text,true,,3726,120,80,80,https://demoqa.com/login,3402,0,2889
1675152910027,3402,Login Page,200,OK,Scenario 1 1-26,text,true,,3726,120,80,80,https://demoqa.com/login,3402,0,2871
1675152910027,3404,Login Page,200,OK,Scenario 1 1-10,text,true,,3726,120,78,78,https://demoqa.com/login,3404,0,2887
1675152910033,3400,Login Page,200,OK,Scenario 1 1-43,text,true,,3726,120,75,75,https://demoqa.com/login,3399,0,2884
1675152910022,3447,Login Page,200,OK,Scenario 1 1-78,text,true,,3726,120,73,73,https://demoqa.com/login,3447,0,2898
1675152910023,3446,Login Page,200,OK,Scenario 1 1-82,text,true,,3726,120,73,73,https://demoqa.com/login,3446,0,2896
1675152910032,3437,Login Page,200,OK,Scenario 1 1-14,text,true,,3726,120,73,73,https://demoqa.com/login,3437,0,2890
1675152910033,3437,Login Page,200,OK,Scenario 1 1-5,text,true,,3726,120,73,73,https://demoqa.com/login,3437,0,2889
1675152910032,3438,Login Page,200,OK,Scenario 1 1-95,text,true,,3726,120,73,73,https://demoqa.com/login,3438,0,2893
1675152910033,3437,Login Page,200,OK,Scenario 1 1-3,text,true,,3726,120,73,73,https://demoqa.com/login,3437,0,2899
1675152910032,3437,Login Page,200,OK,Scenario 1 1-52,text,true,,3726,120,73,73,https://demoqa.com/login,3437,0,2887
1675152910023,3448,Login Page,200,OK,Scenario 1 1-15,text,true,,3726,120,66,66,https://demoqa.com/login,3448,0,2900
1675152910034,3439,Login Page,200,OK,Scenario 1 1-92,text,true,,3726,120,65,65,https://demoqa.com/login,3439,0,2888
1675152910034,3440,Login Page,200,OK,Scenario 1 1-81,text,true,,3726,120,65,65,https://demoqa.com/login,3440,0,2888
1675152910025,3449,Login Page,200,OK,Scenario 1 1-99,text,true,,3726,120,65,65,https://demoqa.com/login,3449,0,2897
1675152910023,3451,Login Page,200,OK,Scenario 1 1-40,text,true,,3726,120,64,64,https://demoqa.com/login,3451,0,2910
1675152910024,3450,Login Page,200,OK,Scenario 1 1-13,text,true,,3726,120,63,63,https://demoqa.com/login,3450,0,2901
1675152910025,3451,Login Page,200,OK,Scenario 1 1-74,text,true,,3726,120,60,60,https://demoqa.com/login,3451,0,2899
1675152910032,3444,Login Page,200,OK,Scenario 1 1-45,text,true,,3726,120,60,60,https://demoqa.com/login,3444,0,2893
1675152910023,3466,Login Page,200,OK,Scenario 1 1-80,text,true,,3726,120,58,58,https://demoqa.com/login,3466,0,2905
1675152910032,3457,Login Page,200,OK,Scenario 1 1-30,text,true,,3726,120,58,58,https://demoqa.com/login,3457,0,2893
1675152910032,3457,Login Page,200,OK,Scenario 1 1-76,text,true,,3726,120,58,58,https://demoqa.com/login,3457,0,2893
1675152910028,3461,Login Page,200,OK,Scenario 1 1-58,text,true,,3726,120,56,56,https://demoqa.com/login,3461,0,2898
1675152910032,3483,Login Page,200,OK,Scenario 1 1-29,text,true,,3726,120,54,54,https://demoqa.com/login,3483,0,2896
1675152910032,3483,Login Page,200,OK,Scenario 1 1-31,text,true,,3726,120,54,54,https://demoqa.com/login,3483,0,2899
1675152910032,3484,Login Page,200,OK,Scenario 1 1-18,text,true,,3726,120,54,54,https://demoqa.com/login,3484,0,2898
1675152910028,3488,Login Page,200,OK,Scenario 1 1-25,text,true,,3726,120,54,54,https://demoqa.com/login,3488,0,2902
1675152910032,3510,Login Page,200,OK,Scenario 1 1-98,text,true,,3726,120,50,50,https://demoqa.com/login,3510,0,2919
1675152910034,3508,Login Page,200,OK,Scenario 1 1-64,text,true,,3726,120,50,50,https://demoqa.com/login,3508,0,2917
1675152910028,3514,Login Page,200,OK,Scenario 1 1-37,text,true,,3726,120,50,50,https://demoqa.com/login,3514,0,2903
1675152910025,3535,Login Page,200,OK,Scenario 1 1-65,text,true,,3726,120,47,47,https://demoqa.com/login,3535,0,2909
1675152910023,3537,Login Page,200,OK,Scenario 1 1-73,text,true,,3726,120,47,47,https://demoqa.com/login,3537,0,2928
1675152910033,3527,Login Page,200,OK,Scenario 1 1-2,text,true,,3726,120,47,47,https://demoqa.com/login,3527,0,2903
1675152910027,3534,Login Page,200,OK,Scenario 1 1-8,text,true,,3726,120,47,47,https://demoqa.com/login,3534,0,2919
1675152910034,3527,Login Page,200,OK,Scenario 1 1-19,text,true,,3726,120,47,47,https://demoqa.com/login,3527,0,2920
1675152910032,3529,Login Page,200,OK,Scenario 1 1-84,text,true,,3726,120,47,47,https://demoqa.com/login,3529,0,2936
1675152910022,3539,Login Page,200,OK,Scenario 1 1-54,text,true,,3726,120,47,47,https://demoqa.com/login,3539,0,2946
1675152910033,3529,Login Page,200,OK,Scenario 1 1-34,text,true,,3726,120,47,47,https://demoqa.com/login,3529,0,2900
1675152910027,3546,Login Page,200,OK,Scenario 1 1-50,text,true,,3726,120,39,39,https://demoqa.com/login,3546,0,2945
1675152910023,3551,Login Page,200,OK,Scenario 1 1-97,text,true,,3726,120,39,39,https://demoqa.com/login,3550,0,2952
1675152910034,3540,Login Page,200,OK,Scenario 1 1-59,text,true,,3726,120,39,39,https://demoqa.com/login,3539,0,2921
1675152910032,3543,Login Page,200,OK,Scenario 1 1-88,text,true,,3726,120,36,36,https://demoqa.com/login,3543,0,2943
1675152910023,3552,Login Page,200,OK,Scenario 1 1-71,text,true,,3726,120,36,36,https://demoqa.com/login,3552,0,2951
1675152910032,3547,Login Page,200,OK,Scenario 1 1-32,text,true,,3726,120,34,34,https://demoqa.com/login,3547,0,2918
1675152910032,3547,Login Page,200,OK,Scenario 1 1-4,text,true,,3726,120,34,34,https://demoqa.com/login,3547,0,2918
1675152910028,3662,Login Page,200,OK,Scenario 1 1-72,text,true,,3726,120,32,32,https://demoqa.com/login,3662,0,2927
1675152910022,3669,Login Page,200,OK,Scenario 1 1-36,text,true,,3726,120,32,32,https://demoqa.com/login,3669,0,2954
1675152910034,3657,Login Page,200,OK,Scenario 1 1-7,text,true,,3726,120,32,32,https://demoqa.com/login,3657,0,2952
1675152910022,3670,Login Page,200,OK,Scenario 1 1-17,text,true,,3726,120,32,32,https://demoqa.com/login,3669,0,2914
1675152910025,3669,Login Page,200,OK,Scenario 1 1-53,text,true,,3726,120,29,29,https://demoqa.com/login,3669,0,2921
1675152910025,3670,Login Page,200,OK,Scenario 1 1-51,text,true,,3726,120,29,29,https://demoqa.com/login,3670,0,2962
1675152910033,3663,Login Page,200,OK,Scenario 1 1-39,text,true,,3726,120,29,29,https://demoqa.com/login,3663,0,2958
1675152910022,3675,Login Page,200,OK,Scenario 1 1-69,text,true,,3726,120,29,29,https://demoqa.com/login,3675,0,2936
1675152910032,3666,Login Page,200,OK,Scenario 1 1-75,text,true,,3726,120,27,27,https://demoqa.com/login,3666,0,2914
1675152910023,3676,Login Page,200,OK,Scenario 1 1-12,text,true,,3726,120,27,27,https://demoqa.com/login,3675,0,2924
1675152910033,3667,Login Page,200,OK,Scenario 1 1-89,text,true,,3726,120,27,27,https://demoqa.com/login,3667,0,2955
1675152910032,3668,Login Page,200,OK,Scenario 1 1-20,text,true,,3726,120,26,26,https://demoqa.com/login,3668,0,2956
1675152910023,3679,Login Page,200,OK,Scenario 1 1-62,text,true,,3726,120,25,25,https://demoqa.com/login,3679,0,2924
1675152910023,3679,Login Page,200,OK,Scenario 1 1-56,text,true,,3726,120,24,24,https://demoqa.com/login,3679,0,3003
1675152910032,3672,Login Page,200,OK,Scenario 1 1-86,text,true,,3726,120,21,21,https://demoqa.com/login,3672,0,2916
1675152910023,3682,Login Page,200,OK,Scenario 1 1-47,text,true,,3726,120,19,19,https://demoqa.com/login,3682,0,2965
1675152910033,3673,Login Page,200,OK,Scenario 1 1-9,text,true,,3726,120,18,18,https://demoqa.com/login,3673,0,3230
1675152910032,3659,Login Page,200,OK,Scenario 1 1-66,text,true,,3726,120,32,32,https://demoqa.com/login,3659,0,2943
1675152910025,3684,Login Page,200,OK,Scenario 1 1-87,text,true,,3726,120,15,15,https://demoqa.com/login,3684,0,2907
1675152910032,3658,Login Page,200,OK,Scenario 1 1-83,text,true,,3726,120,32,32,https://demoqa.com/login,3658,0,2947
1675152910027,3683,Login Page,200,OK,Scenario 1 1-55,text,true,,3726,120,14,14,https://demoqa.com/login,3683,0,2964
1675152910032,3678,Login Page,200,OK,Scenario 1 1-27,text,true,,3726,120,14,14,https://demoqa.com/login,3678,0,3170
1675152910023,3689,Login Page,200,OK,Scenario 1 1-42,text,true,,3726,120,13,13,https://demoqa.com/login,3688,0,3219
1675152910033,3679,Login Page,200,OK,Scenario 1 1-93,text,true,,3726,120,11,11,https://demoqa.com/login,3679,0,3255
1675152910033,3680,Login Page,200,OK,Scenario 1 1-61,text,true,,3726,120,11,11,https://demoqa.com/login,3680,0,3240
1675152910029,3685,Login Page,200,OK,Scenario 1 1-38,text,true,,3726,120,11,11,https://demoqa.com/login,3685,0,2906
1675152910029,3687,Login Page,200,OK,Scenario 1 1-90,text,true,,3726,120,7,7,https://demoqa.com/login,3687,0,3259
1675152910032,3685,Login Page,200,OK,Scenario 1 1-70,text,true,,3726,120,6,6,https://demoqa.com/login,3685,0,3275
1675152910033,3992,Login Page,200,OK,Scenario 1 1-22,text,true,,3726,120,4,4,https://demoqa.com/login,3991,0,2947
1675152910022,4023,Login Page,200,OK,Scenario 1 1-33,text,true,,3726,120,3,3,https://demoqa.com/login,4023,0,3003
1675152910023,4424,Login Page,200,OK,Scenario 1 1-21,text,true,,3726,120,2,2,https://demoqa.com/login,4424,0,4167
1675152910023,5929,Login Page,200,OK,Scenario 1 1-1,text,true,,3726,120,1,1,https://demoqa.com/login,5929,0,3002
